,precision,recall,f1-score,support
bacterial_leaf_blight,0.7948717948717948,0.7153846153846154,0.7530364372469636,130.0
blast,0.6875,0.8120805369127517,0.7446153846153846,149.0
brown_spot,0.9247311827956989,0.593103448275862,0.7226890756302521,145.0
healthy,0.8175675675675675,0.9918032786885246,0.8962962962962963,122.0
leaf_scald,0.7058823529411765,0.7804878048780488,0.7413127413127413,123.0
sheath_blight,0.8592592592592593,0.8529411764705882,0.8560885608856088,136.0
accuracy,0.7863354037267081,0.7863354037267081,0.7863354037267081,0.7863354037267081
macro avg,0.7983020262392495,0.7909668101017316,0.7856730826645411,805.0
weighted avg,0.7991091760906545,0.7863354037267081,0.7833416207779407,805.0
